dot_id,place,state,latitude,longitude,cafes_per_100km2,density_band,dot_represents,cafe_count_proxy,analysis_area_km2,notes
Melbourne_(Inner)_1,Melbourne (Inner),VIC,-37.808449,144.962326,1615.4,Extreme,1 dot ≈ 70 cafes per 100 km² (visual density proxy),4200,260.0,Birthplace of the flat white; highest café density in Australia
Melbourne_(Inner)_2,Melbourne (Inner),VIC,-37.850726,145.004001,1615.4,Extreme,1 dot ≈ 70 cafes per 100 km² (visual density proxy),4200,260.0,Birthplace of the flat white; highest café density in Australia
Melbourne_(Inner)_3,Melbourne (Inner),VIC,-37.785414,144.992573,1615.4,Extreme,1 dot ≈ 70 cafes per 100 km² (visual density proxy),4200,260.0,Birthplace of the flat white; highest café density in Australia
Melbourne_(Inner)_4,Melbourne (Inner),VIC,-37.78658,144.961559,1615.4,Extreme,1 dot ≈ 70 cafes per 100 km² (visual density proxy),4200,260.0,Birthplace of the flat white; highest café density in Australia
Melbourne_(Inner)_5,Melbourne (Inner),VIC,-37.777775,144.97774,1615.4,Extreme,1 dot ≈ 70 cafes per 100 km² (visual density proxy),4200,260.0,Birthplace of the flat white; highest café density in Australia
Melbourne_(Inner)_6,Melbourne (Inner),VIC,-37.844157,145.009402,1615.4,Extreme,1 dot ≈ 70 cafes per 100 km² (visual density proxy),4200,260.0,Birthplace of the flat white; highest café density in Australia
Melbourne_(Inner)_7,Melbourne (Inner),VIC,-37.773612,145.014454,1615.4,Extreme,1 dot ≈ 70 cafes per 100 km² (visual density proxy),4200,260.0,Birthplace of the flat white; highest café density in Australia
Melbourne_(Inner)_8,Melbourne (Inner),VIC,-37.841551,144.966891,1615.4,Extreme,1 dot ≈ 70 cafes per 100 km² (visual density proxy),4200,260.0,Birthplace of the flat white; highest café density in Australia
Melbourne_(Inner)_9,Melbourne (Inner),VIC,-37.781005,144.987848,1615.4,Extreme,1 dot ≈ 70 cafes per 100 km² (visual density proxy),4200,260.0,Birthplace of the flat white; highest café density in Australia
Melbourne_(Inner)_10,Melbourne (Inner),VIC,-37.800859,144.990906,1615.4,Extreme,1 dot ≈ 70 cafes per 100 km² (visual density proxy),4200,260.0,Birthplace of the flat white; highest café density in Australia
Melbourne_(Inner)_11,Melbourne (Inner),VIC,-37.808428,145.02648,1615.4,Extreme,1 dot ≈ 70 cafes per 100 km² (visual density proxy),4200,260.0,Birthplace of the flat white; highest café density in Australia
Melbourne_(Inner)_12,Melbourne (Inner),VIC,-37.848728,145.00304,1615.4,Extreme,1 dot ≈ 70 cafes per 100 km² (visual density proxy),4200,260.0,Birthplace of the flat white; highest café density in Australia
Melbourne_(Inner)_13,Melbourne (Inner),VIC,-37.855669,145.015819,1615.4,Extreme,1 dot ≈ 70 cafes per 100 km² (visual density proxy),4200,260.0,Birthplace of the flat white; highest café density in Australia
Melbourne_(Inner)_14,Melbourne (Inner),VIC,-37.792682,144.924952,1615.4,Extreme,1 dot ≈ 70 cafes per 100 km² (visual density proxy),4200,260.0,Birthplace of the flat white; highest café density in Australia
Melbourne_(Inner)_15,Melbourne (Inner),VIC,-37.808987,145.000208,1615.4,Extreme,1 dot ≈ 70 cafes per 100 km² (visual density proxy),4200,260.0,Birthplace of the flat white; highest café density in Australia
Melbourne_(Inner)_16,Melbourne (Inner),VIC,-37.789408,144.988296,1615.4,Extreme,1 dot ≈ 70 cafes per 100 km² (visual density proxy),4200,260.0,Birthplace of the flat white; highest café density in Australia
Melbourne_(Inner)_17,Melbourne (Inner),VIC,-37.78612,144.926823,1615.4,Extreme,1 dot ≈ 70 cafes per 100 km² (visual density proxy),4200,260.0,Birthplace of the flat white; highest café density in Australia
Melbourne_(Inner)_18,Melbourne (Inner),VIC,-37.802677,144.990241,1615.4,Extreme,1 dot ≈ 70 cafes per 100 km² (visual density proxy),4200,260.0,Birthplace of the flat white; highest café density in Australia
Melbourne_(Inner)_19,Melbourne (Inner),VIC,-37.859652,144.999167,1615.4,Extreme,1 dot ≈ 70 cafes per 100 km² (visual density proxy),4200,260.0,Birthplace of the flat white; highest café density in Australia
Melbourne_(Inner)_20,Melbourne (Inner),VIC,-37.822787,144.922541,1615.4,Extreme,1 dot ≈ 70 cafes per 100 km² (visual density proxy),4200,260.0,Birthplace of the flat white; highest café density in Australia
Melbourne_(Inner)_21,Melbourne (Inner),VIC,-37.781464,144.996755,1615.4,Extreme,1 dot ≈ 70 cafes per 100 km² (visual density proxy),4200,260.0,Birthplace of the flat white; highest café density in Australia
Melbourne_(Inner)_22,Melbourne (Inner),VIC,-37.816898,144.978537,1615.4,Extreme,1 dot ≈ 70 cafes per 100 km² (visual density proxy),4200,260.0,Birthplace of the flat white; highest café density in Australia
Melbourne_(Inner)_23,Melbourne (Inner),VIC,-37.806153,144.95149,1615.4,Extreme,1 dot ≈ 70 cafes per 100 km² (visual density proxy),4200,260.0,Birthplace of the flat white; highest café density in Australia
Sydney_(Inner)_1,Sydney (Inner),NSW,-33.85187,151.205916,1461.5,Very high,1 dot ≈ 70 cafes per 100 km² (visual density proxy),3800,260.0,Strong specialty scene; Surry Hills & Newtown are epicentres
Sydney_(Inner)_2,Sydney (Inner),NSW,-33.835286,151.20605,1461.5,Very high,1 dot ≈ 70 cafes per 100 km² (visual density proxy),3800,260.0,Strong specialty scene; Surry Hills & Newtown are epicentres
Sydney_(Inner)_3,Sydney (Inner),NSW,-33.829161,151.165376,1461.5,Very high,1 dot ≈ 70 cafes per 100 km² (visual density proxy),3800,260.0,Strong specialty scene; Surry Hills & Newtown are epicentres
Sydney_(Inner)_4,Sydney (Inner),NSW,-33.899398,151.230198,1461.5,Very high,1 dot ≈ 70 cafes per 100 km² (visual density proxy),3800,260.0,Strong specialty scene; Surry Hills & Newtown are epicentres
Sydney_(Inner)_5,Sydney (Inner),NSW,-33.819517,151.198511,1461.5,Very high,1 dot ≈ 70 cafes per 100 km² (visual density proxy),3800,260.0,Strong specialty scene; Surry Hills & Newtown are epicentres
Sydney_(Inner)_6,Sydney (Inner),NSW,-33.91017,151.228431,1461.5,Very high,1 dot ≈ 70 cafes per 100 km² (visual density proxy),3800,260.0,Strong specialty scene; Surry Hills & Newtown are epicentres
Sydney_(Inner)_7,Sydney (Inner),NSW,-33.841694,151.195556,1461.5,Very high,1 dot ≈ 70 cafes per 100 km² (visual density proxy),3800,260.0,Strong specialty scene; Surry Hills & Newtown are epicentres
Sydney_(Inner)_8,Sydney (Inner),NSW,-33.881711,151.222478,1461.5,Very high,1 dot ≈ 70 cafes per 100 km² (visual density proxy),3800,260.0,Strong specialty scene; Surry Hills & Newtown are epicentres
Sydney_(Inner)_9,Sydney (Inner),NSW,-33.897218,151.157044,1461.5,Very high,1 dot ≈ 70 cafes per 100 km² (visual density proxy),3800,260.0,Strong specialty scene; Surry Hills & Newtown are epicentres
Sydney_(Inner)_10,Sydney (Inner),NSW,-33.90151,151.24342,1461.5,Very high,1 dot ≈ 70 cafes per 100 km² (visual density proxy),3800,260.0,Strong specialty scene; Surry Hills & Newtown are epicentres
Sydney_(Inner)_11,Sydney (Inner),NSW,-33.900904,151.244453,1461.5,Very high,1 dot ≈ 70 cafes per 100 km² (visual density proxy),3800,260.0,Strong specialty scene; Surry Hills & Newtown are epicentres
Sydney_(Inner)_12,Sydney (Inner),NSW,-33.912897,151.198257,1461.5,Very high,1 dot ≈ 70 cafes per 100 km² (visual density proxy),3800,260.0,Strong specialty scene; Surry Hills & Newtown are epicentres
Sydney_(Inner)_13,Sydney (Inner),NSW,-33.832445,151.254685,1461.5,Very high,1 dot ≈ 70 cafes per 100 km² (visual density proxy),3800,260.0,Strong specialty scene; Surry Hills & Newtown are epicentres
Sydney_(Inner)_14,Sydney (Inner),NSW,-33.824674,151.229213,1461.5,Very high,1 dot ≈ 70 cafes per 100 km² (visual density proxy),3800,260.0,Strong specialty scene; Surry Hills & Newtown are epicentres
Sydney_(Inner)_15,Sydney (Inner),NSW,-33.922632,151.207682,1461.5,Very high,1 dot ≈ 70 cafes per 100 km² (visual density proxy),3800,260.0,Strong specialty scene; Surry Hills & Newtown are epicentres
Sydney_(Inner)_16,Sydney (Inner),NSW,-33.842605,151.202381,1461.5,Very high,1 dot ≈ 70 cafes per 100 km² (visual density proxy),3800,260.0,Strong specialty scene; Surry Hills & Newtown are epicentres
Sydney_(Inner)_17,Sydney (Inner),NSW,-33.845532,151.181482,1461.5,Very high,1 dot ≈ 70 cafes per 100 km² (visual density proxy),3800,260.0,Strong specialty scene; Surry Hills & Newtown are epicentres
Sydney_(Inner)_18,Sydney (Inner),NSW,-33.862586,151.260035,1461.5,Very high,1 dot ≈ 70 cafes per 100 km² (visual density proxy),3800,260.0,Strong specialty scene; Surry Hills & Newtown are epicentres
Sydney_(Inner)_19,Sydney (Inner),NSW,-33.883035,151.260828,1461.5,Very high,1 dot ≈ 70 cafes per 100 km² (visual density proxy),3800,260.0,Strong specialty scene; Surry Hills & Newtown are epicentres
Sydney_(Inner)_20,Sydney (Inner),NSW,-33.875487,151.218854,1461.5,Very high,1 dot ≈ 70 cafes per 100 km² (visual density proxy),3800,260.0,Strong specialty scene; Surry Hills & Newtown are epicentres
Sydney_(Inner)_21,Sydney (Inner),NSW,-33.846229,151.242603,1461.5,Very high,1 dot ≈ 70 cafes per 100 km² (visual density proxy),3800,260.0,Strong specialty scene; Surry Hills & Newtown are epicentres
Brisbane_(Inner)_1,Brisbane (Inner),QLD,-27.446822,152.982567,1027.8,Very high,1 dot ≈ 70 cafes per 100 km² (visual density proxy),1850,180.0,Rapidly growing third-wave coffee culture since 2015
Brisbane_(Inner)_2,Brisbane (Inner),QLD,-27.506927,153.016424,1027.8,Very high,1 dot ≈ 70 cafes per 100 km² (visual density proxy),1850,180.0,Rapidly growing third-wave coffee culture since 2015
Brisbane_(Inner)_3,Brisbane (Inner),QLD,-27.472996,153.07049,1027.8,Very high,1 dot ≈ 70 cafes per 100 km² (visual density proxy),1850,180.0,Rapidly growing third-wave coffee culture since 2015
Brisbane_(Inner)_4,Brisbane (Inner),QLD,-27.464676,153.058837,1027.8,Very high,1 dot ≈ 70 cafes per 100 km² (visual density proxy),1850,180.0,Rapidly growing third-wave coffee culture since 2015
Brisbane_(Inner)_5,Brisbane (Inner),QLD,-27.425214,153.046858,1027.8,Very high,1 dot ≈ 70 cafes per 100 km² (visual density proxy),1850,180.0,Rapidly growing third-wave coffee culture since 2015
Brisbane_(Inner)_6,Brisbane (Inner),QLD,-27.474463,152.990042,1027.8,Very high,1 dot ≈ 70 cafes per 100 km² (visual density proxy),1850,180.0,Rapidly growing third-wave coffee culture since 2015
Brisbane_(Inner)_7,Brisbane (Inner),QLD,-27.479651,153.033587,1027.8,Very high,1 dot ≈ 70 cafes per 100 km² (visual density proxy),1850,180.0,Rapidly growing third-wave coffee culture since 2015
Brisbane_(Inner)_8,Brisbane (Inner),QLD,-27.423486,153.043167,1027.8,Very high,1 dot ≈ 70 cafes per 100 km² (visual density proxy),1850,180.0,Rapidly growing third-wave coffee culture since 2015
Brisbane_(Inner)_9,Brisbane (Inner),QLD,-27.513897,153.025965,1027.8,Very high,1 dot ≈ 70 cafes per 100 km² (visual density proxy),1850,180.0,Rapidly growing third-wave coffee culture since 2015
Brisbane_(Inner)_10,Brisbane (Inner),QLD,-27.42395,153.025192,1027.8,Very high,1 dot ≈ 70 cafes per 100 km² (visual density proxy),1850,180.0,Rapidly growing third-wave coffee culture since 2015
Brisbane_(Inner)_11,Brisbane (Inner),QLD,-27.469418,152.988297,1027.8,Very high,1 dot ≈ 70 cafes per 100 km² (visual density proxy),1850,180.0,Rapidly growing third-wave coffee culture since 2015
Brisbane_(Inner)_12,Brisbane (Inner),QLD,-27.466687,153.081415,1027.8,Very high,1 dot ≈ 70 cafes per 100 km² (visual density proxy),1850,180.0,Rapidly growing third-wave coffee culture since 2015
Brisbane_(Inner)_13,Brisbane (Inner),QLD,-27.4481,152.973305,1027.8,Very high,1 dot ≈ 70 cafes per 100 km² (visual density proxy),1850,180.0,Rapidly growing third-wave coffee culture since 2015
Brisbane_(Inner)_14,Brisbane (Inner),QLD,-27.44579,153.02603,1027.8,Very high,1 dot ≈ 70 cafes per 100 km² (visual density proxy),1850,180.0,Rapidly growing third-wave coffee culture since 2015
Brisbane_(Inner)_15,Brisbane (Inner),QLD,-27.453488,153.062984,1027.8,Very high,1 dot ≈ 70 cafes per 100 km² (visual density proxy),1850,180.0,Rapidly growing third-wave coffee culture since 2015
Perth_(Inner)_1,Perth (Inner),WA,-31.973609,115.886578,1012.5,Very high,1 dot ≈ 70 cafes per 100 km² (visual density proxy),1620,160.0,High per-capita spend; strong independent café scene
Perth_(Inner)_2,Perth (Inner),WA,-31.951873,115.81546,1012.5,Very high,1 dot ≈ 70 cafes per 100 km² (visual density proxy),1620,160.0,High per-capita spend; strong independent café scene
Perth_(Inner)_3,Perth (Inner),WA,-31.908776,115.879778,1012.5,Very high,1 dot ≈ 70 cafes per 100 km² (visual density proxy),1620,160.0,High per-capita spend; strong independent café scene
Perth_(Inner)_4,Perth (Inner),WA,-31.955214,115.878532,1012.5,Very high,1 dot ≈ 70 cafes per 100 km² (visual density proxy),1620,160.0,High per-capita spend; strong independent café scene
Perth_(Inner)_5,Perth (Inner),WA,-31.951914,115.904873,1012.5,Very high,1 dot ≈ 70 cafes per 100 km² (visual density proxy),1620,160.0,High per-capita spend; strong independent café scene
Perth_(Inner)_6,Perth (Inner),WA,-31.936865,115.861328,1012.5,Very high,1 dot ≈ 70 cafes per 100 km² (visual density proxy),1620,160.0,High per-capita spend; strong independent café scene
Perth_(Inner)_7,Perth (Inner),WA,-31.985689,115.87786,1012.5,Very high,1 dot ≈ 70 cafes per 100 km² (visual density proxy),1620,160.0,High per-capita spend; strong independent café scene
Perth_(Inner)_8,Perth (Inner),WA,-31.950704,115.884608,1012.5,Very high,1 dot ≈ 70 cafes per 100 km² (visual density proxy),1620,160.0,High per-capita spend; strong independent café scene
Perth_(Inner)_9,Perth (Inner),WA,-31.953883,115.873204,1012.5,Very high,1 dot ≈ 70 cafes per 100 km² (visual density proxy),1620,160.0,High per-capita spend; strong independent café scene
Perth_(Inner)_10,Perth (Inner),WA,-31.963958,115.884321,1012.5,Very high,1 dot ≈ 70 cafes per 100 km² (visual density proxy),1620,160.0,High per-capita spend; strong independent café scene
Perth_(Inner)_11,Perth (Inner),WA,-31.925108,115.86605,1012.5,Very high,1 dot ≈ 70 cafes per 100 km² (visual density proxy),1620,160.0,High per-capita spend; strong independent café scene
Perth_(Inner)_12,Perth (Inner),WA,-31.991613,115.883921,1012.5,Very high,1 dot ≈ 70 cafes per 100 km² (visual density proxy),1620,160.0,High per-capita spend; strong independent café scene
Perth_(Inner)_13,Perth (Inner),WA,-31.983896,115.87258,1012.5,Very high,1 dot ≈ 70 cafes per 100 km² (visual density proxy),1620,160.0,High per-capita spend; strong independent café scene
Perth_(Inner)_14,Perth (Inner),WA,-31.941082,115.90552,1012.5,Very high,1 dot ≈ 70 cafes per 100 km² (visual density proxy),1620,160.0,High per-capita spend; strong independent café scene
Adelaide_(Inner)_1,Adelaide (Inner),SA,-34.948264,138.588532,907.7,Very high,1 dot ≈ 70 cafes per 100 km² (visual density proxy),1180,130.0,Compact city with strong café strip culture on Hutt St & Rundle
Adelaide_(Inner)_2,Adelaide (Inner),SA,-34.916099,138.650595,907.7,Very high,1 dot ≈ 70 cafes per 100 km² (visual density proxy),1180,130.0,Compact city with strong café strip culture on Hutt St & Rundle
Adelaide_(Inner)_3,Adelaide (Inner),SA,-34.906868,138.631261,907.7,Very high,1 dot ≈ 70 cafes per 100 km² (visual density proxy),1180,130.0,Compact city with strong café strip culture on Hutt St & Rundle
Adelaide_(Inner)_4,Adelaide (Inner),SA,-34.961297,138.628561,907.7,Very high,1 dot ≈ 70 cafes per 100 km² (visual density proxy),1180,130.0,Compact city with strong café strip culture on Hutt St & Rundle
Adelaide_(Inner)_5,Adelaide (Inner),SA,-34.887762,138.618508,907.7,Very high,1 dot ≈ 70 cafes per 100 km² (visual density proxy),1180,130.0,Compact city with strong café strip culture on Hutt St & Rundle
Adelaide_(Inner)_6,Adelaide (Inner),SA,-34.920827,138.569816,907.7,Very high,1 dot ≈ 70 cafes per 100 km² (visual density proxy),1180,130.0,Compact city with strong café strip culture on Hutt St & Rundle
Adelaide_(Inner)_7,Adelaide (Inner),SA,-34.899614,138.637413,907.7,Very high,1 dot ≈ 70 cafes per 100 km² (visual density proxy),1180,130.0,Compact city with strong café strip culture on Hutt St & Rundle
Adelaide_(Inner)_8,Adelaide (Inner),SA,-34.898761,138.611376,907.7,Very high,1 dot ≈ 70 cafes per 100 km² (visual density proxy),1180,130.0,Compact city with strong café strip culture on Hutt St & Rundle
Adelaide_(Inner)_9,Adelaide (Inner),SA,-34.968761,138.576499,907.7,Very high,1 dot ≈ 70 cafes per 100 km² (visual density proxy),1180,130.0,Compact city with strong café strip culture on Hutt St & Rundle
Adelaide_(Inner)_10,Adelaide (Inner),SA,-34.918128,138.57988,907.7,Very high,1 dot ≈ 70 cafes per 100 km² (visual density proxy),1180,130.0,Compact city with strong café strip culture on Hutt St & Rundle
Adelaide_(Inner)_11,Adelaide (Inner),SA,-34.900047,138.634452,907.7,Very high,1 dot ≈ 70 cafes per 100 km² (visual density proxy),1180,130.0,Compact city with strong café strip culture on Hutt St & Rundle
Adelaide_(Inner)_12,Adelaide (Inner),SA,-34.965425,138.61255,907.7,Very high,1 dot ≈ 70 cafes per 100 km² (visual density proxy),1180,130.0,Compact city with strong café strip culture on Hutt St & Rundle
Adelaide_(Inner)_13,Adelaide (Inner),SA,-34.914961,138.620954,907.7,Very high,1 dot ≈ 70 cafes per 100 km² (visual density proxy),1180,130.0,Compact city with strong café strip culture on Hutt St & Rundle
Canberra_1,Canberra,ACT,-35.282931,149.074378,453.3,High,1 dot ≈ 70 cafes per 100 km² (visual density proxy),680,150.0,Government city with growing specialty coffee precinct
Canberra_2,Canberra,ACT,-35.262962,149.120441,453.3,High,1 dot ≈ 70 cafes per 100 km² (visual density proxy),680,150.0,Government city with growing specialty coffee precinct
Canberra_3,Canberra,ACT,-35.29361,149.114627,453.3,High,1 dot ≈ 70 cafes per 100 km² (visual density proxy),680,150.0,Government city with growing specialty coffee precinct
Canberra_4,Canberra,ACT,-35.313965,149.170553,453.3,High,1 dot ≈ 70 cafes per 100 km² (visual density proxy),680,150.0,Government city with growing specialty coffee precinct
Canberra_5,Canberra,ACT,-35.293639,149.156417,453.3,High,1 dot ≈ 70 cafes per 100 km² (visual density proxy),680,150.0,Government city with growing specialty coffee precinct
Canberra_6,Canberra,ACT,-35.286846,149.101388,453.3,High,1 dot ≈ 70 cafes per 100 km² (visual density proxy),680,150.0,Government city with growing specialty coffee precinct
Hobart_1,Hobart,TAS,-42.921847,147.344088,345.5,High,1 dot ≈ 70 cafes per 100 km² (visual density proxy),380,110.0,Punches above its weight; MONA effect boosted hospitality scene
Hobart_2,Hobart,TAS,-42.908077,147.310126,345.5,High,1 dot ≈ 70 cafes per 100 km² (visual density proxy),380,110.0,Punches above its weight; MONA effect boosted hospitality scene
Hobart_3,Hobart,TAS,-42.9083,147.334704,345.5,High,1 dot ≈ 70 cafes per 100 km² (visual density proxy),380,110.0,Punches above its weight; MONA effect boosted hospitality scene
Hobart_4,Hobart,TAS,-42.915853,147.323849,345.5,High,1 dot ≈ 70 cafes per 100 km² (visual density proxy),380,110.0,Punches above its weight; MONA effect boosted hospitality scene
Hobart_5,Hobart,TAS,-42.874941,147.332596,345.5,High,1 dot ≈ 70 cafes per 100 km² (visual density proxy),380,110.0,Punches above its weight; MONA effect boosted hospitality scene
Darwin_1,Darwin,NT,-12.49476,130.85933,262.5,Medium,1 dot ≈ 70 cafes per 100 km² (visual density proxy),210,80.0,Smaller market; tropical climate drives cold brew demand
Darwin_2,Darwin,NT,-12.48873,130.836689,262.5,Medium,1 dot ≈ 70 cafes per 100 km² (visual density proxy),210,80.0,Smaller market; tropical climate drives cold brew demand
Darwin_3,Darwin,NT,-12.447557,130.871432,262.5,Medium,1 dot ≈ 70 cafes per 100 km² (visual density proxy),210,80.0,Smaller market; tropical climate drives cold brew demand
Darwin_4,Darwin,NT,-12.458519,130.822251,262.5,Medium,1 dot ≈ 70 cafes per 100 km² (visual density proxy),210,80.0,Smaller market; tropical climate drives cold brew demand
Fitzroy_and_Collingwood_1,Fitzroy & Collingwood,VIC,-37.791314,144.992503,3500.0,Extreme,1 dot ≈ 70 cafes per 100 km² (visual density proxy),420,12.0,Highest café density in Australia; Australia's specialty coffee triangle
Fitzroy_and_Collingwood_2,Fitzroy & Collingwood,VIC,-37.809895,144.964679,3500.0,Extreme,1 dot ≈ 70 cafes per 100 km² (visual density proxy),420,12.0,Highest café density in Australia; Australia's specialty coffee triangle
Fitzroy_and_Collingwood_3,Fitzroy & Collingwood,VIC,-37.809814,144.994812,3500.0,Extreme,1 dot ≈ 70 cafes per 100 km² (visual density proxy),420,12.0,Highest café density in Australia; Australia's specialty coffee triangle
Fitzroy_and_Collingwood_4,Fitzroy & Collingwood,VIC,-37.800009,144.957939,3500.0,Extreme,1 dot ≈ 70 cafes per 100 km² (visual density proxy),420,12.0,Highest café density in Australia; Australia's specialty coffee triangle
Fitzroy_and_Collingwood_5,Fitzroy & Collingwood,VIC,-37.789153,144.964776,3500.0,Extreme,1 dot ≈ 70 cafes per 100 km² (visual density proxy),420,12.0,Highest café density in Australia; Australia's specialty coffee triangle
Fitzroy_and_Collingwood_6,Fitzroy & Collingwood,VIC,-37.808985,144.965137,3500.0,Extreme,1 dot ≈ 70 cafes per 100 km² (visual density proxy),420,12.0,Highest café density in Australia; Australia's specialty coffee triangle
Fitzroy_and_Collingwood_7,Fitzroy & Collingwood,VIC,-37.799883,144.99343,3500.0,Extreme,1 dot ≈ 70 cafes per 100 km² (visual density proxy),420,12.0,Highest café density in Australia; Australia's specialty coffee triangle
Fitzroy_and_Collingwood_8,Fitzroy & Collingwood,VIC,-37.80768,144.96949,3500.0,Extreme,1 dot ≈ 70 cafes per 100 km² (visual density proxy),420,12.0,Highest café density in Australia; Australia's specialty coffee triangle
Fitzroy_and_Collingwood_9,Fitzroy & Collingwood,VIC,-37.812125,144.980155,3500.0,Extreme,1 dot ≈ 70 cafes per 100 km² (visual density proxy),420,12.0,Highest café density in Australia; Australia's specialty coffee triangle
Fitzroy_and_Collingwood_10,Fitzroy & Collingwood,VIC,-37.811604,144.978098,3500.0,Extreme,1 dot ≈ 70 cafes per 100 km² (visual density proxy),420,12.0,Highest café density in Australia; Australia's specialty coffee triangle
Fitzroy_and_Collingwood_11,Fitzroy & Collingwood,VIC,-37.801464,145.000661,3500.0,Extreme,1 dot ≈ 70 cafes per 100 km² (visual density proxy),420,12.0,Highest café density in Australia; Australia's specialty coffee triangle
Fitzroy_and_Collingwood_12,Fitzroy & Collingwood,VIC,-37.806212,144.982616,3500.0,Extreme,1 dot ≈ 70 cafes per 100 km² (visual density proxy),420,12.0,Highest café density in Australia; Australia's specialty coffee triangle
Fitzroy_and_Collingwood_13,Fitzroy & Collingwood,VIC,-37.808852,144.981224,3500.0,Extreme,1 dot ≈ 70 cafes per 100 km² (visual density proxy),420,12.0,Highest café density in Australia; Australia's specialty coffee triangle
Fitzroy_and_Collingwood_14,Fitzroy & Collingwood,VIC,-37.791387,144.974674,3500.0,Extreme,1 dot ≈ 70 cafes per 100 km² (visual density proxy),420,12.0,Highest café density in Australia; Australia's specialty coffee triangle
Fitzroy_and_Collingwood_15,Fitzroy & Collingwood,VIC,-37.788156,144.970422,3500.0,Extreme,1 dot ≈ 70 cafes per 100 km² (visual density proxy),420,12.0,Highest café density in Australia; Australia's specialty coffee triangle
Fitzroy_and_Collingwood_16,Fitzroy & Collingwood,VIC,-37.804029,144.988962,3500.0,Extreme,1 dot ≈ 70 cafes per 100 km² (visual density proxy),420,12.0,Highest café density in Australia; Australia's specialty coffee triangle
Fitzroy_and_Collingwood_17,Fitzroy & Collingwood,VIC,-37.802815,144.96889,3500.0,Extreme,1 dot ≈ 70 cafes per 100 km² (visual density proxy),420,12.0,Highest café density in Australia; Australia's specialty coffee triangle
Fitzroy_and_Collingwood_18,Fitzroy & Collingwood,VIC,-37.813999,144.976422,3500.0,Extreme,1 dot ≈ 70 cafes per 100 km² (visual density proxy),420,12.0,Highest café density in Australia; Australia's specialty coffee triangle
Fitzroy_and_Collingwood_19,Fitzroy & Collingwood,VIC,-37.795196,144.989793,3500.0,Extreme,1 dot ≈ 70 cafes per 100 km² (visual density proxy),420,12.0,Highest café density in Australia; Australia's specialty coffee triangle
Fitzroy_and_Collingwood_20,Fitzroy & Collingwood,VIC,-37.792082,144.969331,3500.0,Extreme,1 dot ≈ 70 cafes per 100 km² (visual density proxy),420,12.0,Highest café density in Australia; Australia's specialty coffee triangle
Fitzroy_and_Collingwood_21,Fitzroy & Collingwood,VIC,-37.797198,144.968631,3500.0,Extreme,1 dot ≈ 70 cafes per 100 km² (visual density proxy),420,12.0,Highest café density in Australia; Australia's specialty coffee triangle
Fitzroy_and_Collingwood_22,Fitzroy & Collingwood,VIC,-37.793995,145.000095,3500.0,Extreme,1 dot ≈ 70 cafes per 100 km² (visual density proxy),420,12.0,Highest café density in Australia; Australia's specialty coffee triangle
Fitzroy_and_Collingwood_23,Fitzroy & Collingwood,VIC,-37.795428,144.987477,3500.0,Extreme,1 dot ≈ 70 cafes per 100 km² (visual density proxy),420,12.0,Highest café density in Australia; Australia's specialty coffee triangle
Fitzroy_and_Collingwood_24,Fitzroy & Collingwood,VIC,-37.794506,144.958298,3500.0,Extreme,1 dot ≈ 70 cafes per 100 km² (visual density proxy),420,12.0,Highest café density in Australia; Australia's specialty coffee triangle
Fitzroy_and_Collingwood_25,Fitzroy & Collingwood,VIC,-37.794681,144.970512,3500.0,Extreme,1 dot ≈ 70 cafes per 100 km² (visual density proxy),420,12.0,Highest café density in Australia; Australia's specialty coffee triangle
Fitzroy_and_Collingwood_26,Fitzroy & Collingwood,VIC,-37.802324,144.962113,3500.0,Extreme,1 dot ≈ 70 cafes per 100 km² (visual density proxy),420,12.0,Highest café density in Australia; Australia's specialty coffee triangle
Fitzroy_and_Collingwood_27,Fitzroy & Collingwood,VIC,-37.791527,144.993666,3500.0,Extreme,1 dot ≈ 70 cafes per 100 km² (visual density proxy),420,12.0,Highest café density in Australia; Australia's specialty coffee triangle
Fitzroy_and_Collingwood_28,Fitzroy & Collingwood,VIC,-37.798352,144.975476,3500.0,Extreme,1 dot ≈ 70 cafes per 100 km² (visual density proxy),420,12.0,Highest café density in Australia; Australia's specialty coffee triangle
Fitzroy_and_Collingwood_29,Fitzroy & Collingwood,VIC,-37.813003,144.97947,3500.0,Extreme,1 dot ≈ 70 cafes per 100 km² (visual density proxy),420,12.0,Highest café density in Australia; Australia's specialty coffee triangle
Fitzroy_and_Collingwood_30,Fitzroy & Collingwood,VIC,-37.791709,144.969181,3500.0,Extreme,1 dot ≈ 70 cafes per 100 km² (visual density proxy),420,12.0,Highest café density in Australia; Australia's specialty coffee triangle
Fitzroy_and_Collingwood_31,Fitzroy & Collingwood,VIC,-37.786977,144.980234,3500.0,Extreme,1 dot ≈ 70 cafes per 100 km² (visual density proxy),420,12.0,Highest café density in Australia; Australia's specialty coffee triangle
Fitzroy_and_Collingwood_32,Fitzroy & Collingwood,VIC,-37.799709,144.975567,3500.0,Extreme,1 dot ≈ 70 cafes per 100 km² (visual density proxy),420,12.0,Highest café density in Australia; Australia's specialty coffee triangle
Fitzroy_and_Collingwood_33,Fitzroy & Collingwood,VIC,-37.802363,144.995977,3500.0,Extreme,1 dot ≈ 70 cafes per 100 km² (visual density proxy),420,12.0,Highest café density in Australia; Australia's specialty coffee triangle
Fitzroy_and_Collingwood_34,Fitzroy & Collingwood,VIC,-37.802738,145.000508,3500.0,Extreme,1 dot ≈ 70 cafes per 100 km² (visual density proxy),420,12.0,Highest café density in Australia; Australia's specialty coffee triangle
Fitzroy_and_Collingwood_35,Fitzroy & Collingwood,VIC,-37.798071,144.990998,3500.0,Extreme,1 dot ≈ 70 cafes per 100 km² (visual density proxy),420,12.0,Highest café density in Australia; Australia's specialty coffee triangle
Fitzroy_and_Collingwood_36,Fitzroy & Collingwood,VIC,-37.80824,144.964306,3500.0,Extreme,1 dot ≈ 70 cafes per 100 km² (visual density proxy),420,12.0,Highest café density in Australia; Australia's specialty coffee triangle
Fitzroy_and_Collingwood_37,Fitzroy & Collingwood,VIC,-37.801089,144.994568,3500.0,Extreme,1 dot ≈ 70 cafes per 100 km² (visual density proxy),420,12.0,Highest café density in Australia; Australia's specialty coffee triangle
Fitzroy_and_Collingwood_38,Fitzroy & Collingwood,VIC,-37.788483,144.967955,3500.0,Extreme,1 dot ≈ 70 cafes per 100 km² (visual density proxy),420,12.0,Highest café density in Australia; Australia's specialty coffee triangle
Fitzroy_and_Collingwood_39,Fitzroy & Collingwood,VIC,-37.801839,144.999692,3500.0,Extreme,1 dot ≈ 70 cafes per 100 km² (visual density proxy),420,12.0,Highest café density in Australia; Australia's specialty coffee triangle
Fitzroy_and_Collingwood_40,Fitzroy & Collingwood,VIC,-37.797274,144.984539,3500.0,Extreme,1 dot ≈ 70 cafes per 100 km² (visual density proxy),420,12.0,Highest café density in Australia; Australia's specialty coffee triangle
Fitzroy_and_Collingwood_41,Fitzroy & Collingwood,VIC,-37.796762,144.965874,3500.0,Extreme,1 dot ≈ 70 cafes per 100 km² (visual density proxy),420,12.0,Highest café density in Australia; Australia's specialty coffee triangle
Fitzroy_and_Collingwood_42,Fitzroy & Collingwood,VIC,-37.798191,144.9662,3500.0,Extreme,1 dot ≈ 70 cafes per 100 km² (visual density proxy),420,12.0,Highest café density in Australia; Australia's specialty coffee triangle
Fitzroy_and_Collingwood_43,Fitzroy & Collingwood,VIC,-37.792867,144.989178,3500.0,Extreme,1 dot ≈ 70 cafes per 100 km² (visual density proxy),420,12.0,Highest café density in Australia; Australia's specialty coffee triangle
Fitzroy_and_Collingwood_44,Fitzroy & Collingwood,VIC,-37.808269,144.962372,3500.0,Extreme,1 dot ≈ 70 cafes per 100 km² (visual density proxy),420,12.0,Highest café density in Australia; Australia's specialty coffee triangle
Fitzroy_and_Collingwood_45,Fitzroy & Collingwood,VIC,-37.791741,144.987343,3500.0,Extreme,1 dot ≈ 70 cafes per 100 km² (visual density proxy),420,12.0,Highest café density in Australia; Australia's specialty coffee triangle
Fitzroy_and_Collingwood_46,Fitzroy & Collingwood,VIC,-37.797983,144.961373,3500.0,Extreme,1 dot ≈ 70 cafes per 100 km² (visual density proxy),420,12.0,Highest café density in Australia; Australia's specialty coffee triangle
Fitzroy_and_Collingwood_47,Fitzroy & Collingwood,VIC,-37.801415,144.985338,3500.0,Extreme,1 dot ≈ 70 cafes per 100 km² (visual density proxy),420,12.0,Highest café density in Australia; Australia's specialty coffee triangle
Fitzroy_and_Collingwood_48,Fitzroy & Collingwood,VIC,-37.783334,144.985605,3500.0,Extreme,1 dot ≈ 70 cafes per 100 km² (visual density proxy),420,12.0,Highest café density in Australia; Australia's specialty coffee triangle
Fitzroy_and_Collingwood_49,Fitzroy & Collingwood,VIC,-37.792585,144.982979,3500.0,Extreme,1 dot ≈ 70 cafes per 100 km² (visual density proxy),420,12.0,Highest café density in Australia; Australia's specialty coffee triangle
Fitzroy_and_Collingwood_50,Fitzroy & Collingwood,VIC,-37.816743,144.976956,3500.0,Extreme,1 dot ≈ 70 cafes per 100 km² (visual density proxy),420,12.0,Highest café density in Australia; Australia's specialty coffee triangle
St_Kilda_and_South_Yarra_1,St Kilda & South Yarra,VIC,-37.871647,145.000665,1727.3,Extreme,1 dot ≈ 70 cafes per 100 km² (visual density proxy),380,22.0,Beach-side café strip; strong brunch culture year-round
St_Kilda_and_South_Yarra_2,St Kilda & South Yarra,VIC,-37.878274,145.004689,1727.3,Extreme,1 dot ≈ 70 cafes per 100 km² (visual density proxy),380,22.0,Beach-side café strip; strong brunch culture year-round
St_Kilda_and_South_Yarra_3,St Kilda & South Yarra,VIC,-37.867192,144.992582,1727.3,Extreme,1 dot ≈ 70 cafes per 100 km² (visual density proxy),380,22.0,Beach-side café strip; strong brunch culture year-round
St_Kilda_and_South_Yarra_4,St Kilda & South Yarra,VIC,-37.849899,144.992712,1727.3,Extreme,1 dot ≈ 70 cafes per 100 km² (visual density proxy),380,22.0,Beach-side café strip; strong brunch culture year-round
St_Kilda_and_South_Yarra_5,St Kilda & South Yarra,VIC,-37.852759,144.993848,1727.3,Extreme,1 dot ≈ 70 cafes per 100 km² (visual density proxy),380,22.0,Beach-side café strip; strong brunch culture year-round
St_Kilda_and_South_Yarra_6,St Kilda & South Yarra,VIC,-37.846713,145.017187,1727.3,Extreme,1 dot ≈ 70 cafes per 100 km² (visual density proxy),380,22.0,Beach-side café strip; strong brunch culture year-round
St_Kilda_and_South_Yarra_7,St Kilda & South Yarra,VIC,-37.85568,144.989865,1727.3,Extreme,1 dot ≈ 70 cafes per 100 km² (visual density proxy),380,22.0,Beach-side café strip; strong brunch culture year-round
St_Kilda_and_South_Yarra_8,St Kilda & South Yarra,VIC,-37.848495,144.989787,1727.3,Extreme,1 dot ≈ 70 cafes per 100 km² (visual density proxy),380,22.0,Beach-side café strip; strong brunch culture year-round
St_Kilda_and_South_Yarra_9,St Kilda & South Yarra,VIC,-37.865534,145.02073,1727.3,Extreme,1 dot ≈ 70 cafes per 100 km² (visual density proxy),380,22.0,Beach-side café strip; strong brunch culture year-round
St_Kilda_and_South_Yarra_10,St Kilda & South Yarra,VIC,-37.846843,145.010044,1727.3,Extreme,1 dot ≈ 70 cafes per 100 km² (visual density proxy),380,22.0,Beach-side café strip; strong brunch culture year-round
St_Kilda_and_South_Yarra_11,St Kilda & South Yarra,VIC,-37.84959,145.019155,1727.3,Extreme,1 dot ≈ 70 cafes per 100 km² (visual density proxy),380,22.0,Beach-side café strip; strong brunch culture year-round
St_Kilda_and_South_Yarra_12,St Kilda & South Yarra,VIC,-37.84926,144.984782,1727.3,Extreme,1 dot ≈ 70 cafes per 100 km² (visual density proxy),380,22.0,Beach-side café strip; strong brunch culture year-round
St_Kilda_and_South_Yarra_13,St Kilda & South Yarra,VIC,-37.871177,144.98861,1727.3,Extreme,1 dot ≈ 70 cafes per 100 km² (visual density proxy),380,22.0,Beach-side café strip; strong brunch culture year-round
St_Kilda_and_South_Yarra_14,St Kilda & South Yarra,VIC,-37.859339,145.014029,1727.3,Extreme,1 dot ≈ 70 cafes per 100 km² (visual density proxy),380,22.0,Beach-side café strip; strong brunch culture year-round
St_Kilda_and_South_Yarra_15,St Kilda & South Yarra,VIC,-37.853353,145.003206,1727.3,Extreme,1 dot ≈ 70 cafes per 100 km² (visual density proxy),380,22.0,Beach-side café strip; strong brunch culture year-round
St_Kilda_and_South_Yarra_16,St Kilda & South Yarra,VIC,-37.857126,145.007599,1727.3,Extreme,1 dot ≈ 70 cafes per 100 km² (visual density proxy),380,22.0,Beach-side café strip; strong brunch culture year-round
St_Kilda_and_South_Yarra_17,St Kilda & South Yarra,VIC,-37.866762,144.996414,1727.3,Extreme,1 dot ≈ 70 cafes per 100 km² (visual density proxy),380,22.0,Beach-side café strip; strong brunch culture year-round
St_Kilda_and_South_Yarra_18,St Kilda & South Yarra,VIC,-37.848418,145.002923,1727.3,Extreme,1 dot ≈ 70 cafes per 100 km² (visual density proxy),380,22.0,Beach-side café strip; strong brunch culture year-round
St_Kilda_and_South_Yarra_19,St Kilda & South Yarra,VIC,-37.859368,145.001916,1727.3,Extreme,1 dot ≈ 70 cafes per 100 km² (visual density proxy),380,22.0,Beach-side café strip; strong brunch culture year-round
St_Kilda_and_South_Yarra_20,St Kilda & South Yarra,VIC,-37.870642,145.013023,1727.3,Extreme,1 dot ≈ 70 cafes per 100 km² (visual density proxy),380,22.0,Beach-side café strip; strong brunch culture year-round
St_Kilda_and_South_Yarra_21,St Kilda & South Yarra,VIC,-37.860841,145.010924,1727.3,Extreme,1 dot ≈ 70 cafes per 100 km² (visual density proxy),380,22.0,Beach-side café strip; strong brunch culture year-round
St_Kilda_and_South_Yarra_22,St Kilda & South Yarra,VIC,-37.851305,144.996887,1727.3,Extreme,1 dot ≈ 70 cafes per 100 km² (visual density proxy),380,22.0,Beach-side café strip; strong brunch culture year-round
St_Kilda_and_South_Yarra_23,St Kilda & South Yarra,VIC,-37.851135,144.997287,1727.3,Extreme,1 dot ≈ 70 cafes per 100 km² (visual density proxy),380,22.0,Beach-side café strip; strong brunch culture year-round
St_Kilda_and_South_Yarra_24,St Kilda & South Yarra,VIC,-37.864945,145.013665,1727.3,Extreme,1 dot ≈ 70 cafes per 100 km² (visual density proxy),380,22.0,Beach-side café strip; strong brunch culture year-round
St_Kilda_and_South_Yarra_25,St Kilda & South Yarra,VIC,-37.846617,145.016076,1727.3,Extreme,1 dot ≈ 70 cafes per 100 km² (visual density proxy),380,22.0,Beach-side café strip; strong brunch culture year-round
Richmond_and_Hawthorn_1,Richmond & Hawthorn,VIC,-37.808239,145.037219,1916.7,Extreme,1 dot ≈ 70 cafes per 100 km² (visual density proxy),460,24.0,Busy café corridor along Bridge Rd and Church St
Richmond_and_Hawthorn_2,Richmond & Hawthorn,VIC,-37.807111,145.037222,1916.7,Extreme,1 dot ≈ 70 cafes per 100 km² (visual density proxy),460,24.0,Busy café corridor along Bridge Rd and Church St
Richmond_and_Hawthorn_3,Richmond & Hawthorn,VIC,-37.824604,145.038475,1916.7,Extreme,1 dot ≈ 70 cafes per 100 km² (visual density proxy),460,24.0,Busy café corridor along Bridge Rd and Church St
Richmond_and_Hawthorn_4,Richmond & Hawthorn,VIC,-37.820016,145.04103,1916.7,Extreme,1 dot ≈ 70 cafes per 100 km² (visual density proxy),460,24.0,Busy café corridor along Bridge Rd and Church St
Richmond_and_Hawthorn_5,Richmond & Hawthorn,VIC,-37.826034,145.00157,1916.7,Extreme,1 dot ≈ 70 cafes per 100 km² (visual density proxy),460,24.0,Busy café corridor along Bridge Rd and Church St
Richmond_and_Hawthorn_6,Richmond & Hawthorn,VIC,-37.829842,145.029771,1916.7,Extreme,1 dot ≈ 70 cafes per 100 km² (visual density proxy),460,24.0,Busy café corridor along Bridge Rd and Church St
Richmond_and_Hawthorn_7,Richmond & Hawthorn,VIC,-37.815586,145.011752,1916.7,Extreme,1 dot ≈ 70 cafes per 100 km² (visual density proxy),460,24.0,Busy café corridor along Bridge Rd and Church St
Richmond_and_Hawthorn_8,Richmond & Hawthorn,VIC,-37.825233,145.00347,1916.7,Extreme,1 dot ≈ 70 cafes per 100 km² (visual density proxy),460,24.0,Busy café corridor along Bridge Rd and Church St
Richmond_and_Hawthorn_9,Richmond & Hawthorn,VIC,-37.808302,145.034751,1916.7,Extreme,1 dot ≈ 70 cafes per 100 km² (visual density proxy),460,24.0,Busy café corridor along Bridge Rd and Church St
Richmond_and_Hawthorn_10,Richmond & Hawthorn,VIC,-37.832917,145.026082,1916.7,Extreme,1 dot ≈ 70 cafes per 100 km² (visual density proxy),460,24.0,Busy café corridor along Bridge Rd and Church St
Richmond_and_Hawthorn_11,Richmond & Hawthorn,VIC,-37.804495,145.030398,1916.7,Extreme,1 dot ≈ 70 cafes per 100 km² (visual density proxy),460,24.0,Busy café corridor along Bridge Rd and Church St
Richmond_and_Hawthorn_12,Richmond & Hawthorn,VIC,-37.838358,145.012279,1916.7,Extreme,1 dot ≈ 70 cafes per 100 km² (visual density proxy),460,24.0,Busy café corridor along Bridge Rd and Church St
Richmond_and_Hawthorn_13,Richmond & Hawthorn,VIC,-37.833129,145.028321,1916.7,Extreme,1 dot ≈ 70 cafes per 100 km² (visual density proxy),460,24.0,Busy café corridor along Bridge Rd and Church St
Richmond_and_Hawthorn_14,Richmond & Hawthorn,VIC,-37.823515,145.040938,1916.7,Extreme,1 dot ≈ 70 cafes per 100 km² (visual density proxy),460,24.0,Busy café corridor along Bridge Rd and Church St
Richmond_and_Hawthorn_15,Richmond & Hawthorn,VIC,-37.827971,145.011097,1916.7,Extreme,1 dot ≈ 70 cafes per 100 km² (visual density proxy),460,24.0,Busy café corridor along Bridge Rd and Church St
Richmond_and_Hawthorn_16,Richmond & Hawthorn,VIC,-37.806439,145.024433,1916.7,Extreme,1 dot ≈ 70 cafes per 100 km² (visual density proxy),460,24.0,Busy café corridor along Bridge Rd and Church St
Richmond_and_Hawthorn_17,Richmond & Hawthorn,VIC,-37.83269,145.036485,1916.7,Extreme,1 dot ≈ 70 cafes per 100 km² (visual density proxy),460,24.0,Busy café corridor along Bridge Rd and Church St
Richmond_and_Hawthorn_18,Richmond & Hawthorn,VIC,-37.828038,145.00315,1916.7,Extreme,1 dot ≈ 70 cafes per 100 km² (visual density proxy),460,24.0,Busy café corridor along Bridge Rd and Church St
Richmond_and_Hawthorn_19,Richmond & Hawthorn,VIC,-37.813144,145.032982,1916.7,Extreme,1 dot ≈ 70 cafes per 100 km² (visual density proxy),460,24.0,Busy café corridor along Bridge Rd and Church St
Richmond_and_Hawthorn_20,Richmond & Hawthorn,VIC,-37.814124,145.009449,1916.7,Extreme,1 dot ≈ 70 cafes per 100 km² (visual density proxy),460,24.0,Busy café corridor along Bridge Rd and Church St
Richmond_and_Hawthorn_21,Richmond & Hawthorn,VIC,-37.826727,145.046106,1916.7,Extreme,1 dot ≈ 70 cafes per 100 km² (visual density proxy),460,24.0,Busy café corridor along Bridge Rd and Church St
Richmond_and_Hawthorn_22,Richmond & Hawthorn,VIC,-37.827469,145.038219,1916.7,Extreme,1 dot ≈ 70 cafes per 100 km² (visual density proxy),460,24.0,Busy café corridor along Bridge Rd and Church St
Richmond_and_Hawthorn_23,Richmond & Hawthorn,VIC,-37.818355,145.004942,1916.7,Extreme,1 dot ≈ 70 cafes per 100 km² (visual density proxy),460,24.0,Busy café corridor along Bridge Rd and Church St
Richmond_and_Hawthorn_24,Richmond & Hawthorn,VIC,-37.806848,145.029839,1916.7,Extreme,1 dot ≈ 70 cafes per 100 km² (visual density proxy),460,24.0,Busy café corridor along Bridge Rd and Church St
Richmond_and_Hawthorn_25,Richmond & Hawthorn,VIC,-37.832261,145.038955,1916.7,Extreme,1 dot ≈ 70 cafes per 100 km² (visual density proxy),460,24.0,Busy café corridor along Bridge Rd and Church St
Richmond_and_Hawthorn_26,Richmond & Hawthorn,VIC,-37.813173,145.027972,1916.7,Extreme,1 dot ≈ 70 cafes per 100 km² (visual density proxy),460,24.0,Busy café corridor along Bridge Rd and Church St
Richmond_and_Hawthorn_27,Richmond & Hawthorn,VIC,-37.833862,145.041983,1916.7,Extreme,1 dot ≈ 70 cafes per 100 km² (visual density proxy),460,24.0,Busy café corridor along Bridge Rd and Church St
Footscray_1,Footscray,VIC,-37.814507,144.901016,1444.4,Very high,1 dot ≈ 70 cafes per 100 km² (visual density proxy),260,18.0,Multicultural café scene; one of Melbourne's fastest-growing precincts
Footscray_2,Footscray,VIC,-37.812919,144.888088,1444.4,Very high,1 dot ≈ 70 cafes per 100 km² (visual density proxy),260,18.0,Multicultural café scene; one of Melbourne's fastest-growing precincts
Footscray_3,Footscray,VIC,-37.811396,144.912062,1444.4,Very high,1 dot ≈ 70 cafes per 100 km² (visual density proxy),260,18.0,Multicultural café scene; one of Melbourne's fastest-growing precincts
Footscray_4,Footscray,VIC,-37.795305,144.88476,1444.4,Very high,1 dot ≈ 70 cafes per 100 km² (visual density proxy),260,18.0,Multicultural café scene; one of Melbourne's fastest-growing precincts
Footscray_5,Footscray,VIC,-37.794721,144.919834,1444.4,Very high,1 dot ≈ 70 cafes per 100 km² (visual density proxy),260,18.0,Multicultural café scene; one of Melbourne's fastest-growing precincts
Footscray_6,Footscray,VIC,-37.811551,144.893854,1444.4,Very high,1 dot ≈ 70 cafes per 100 km² (visual density proxy),260,18.0,Multicultural café scene; one of Melbourne's fastest-growing precincts
Footscray_7,Footscray,VIC,-37.794462,144.900874,1444.4,Very high,1 dot ≈ 70 cafes per 100 km² (visual density proxy),260,18.0,Multicultural café scene; one of Melbourne's fastest-growing precincts
Footscray_8,Footscray,VIC,-37.795859,144.916015,1444.4,Very high,1 dot ≈ 70 cafes per 100 km² (visual density proxy),260,18.0,Multicultural café scene; one of Melbourne's fastest-growing precincts
Footscray_9,Footscray,VIC,-37.7885,144.885614,1444.4,Very high,1 dot ≈ 70 cafes per 100 km² (visual density proxy),260,18.0,Multicultural café scene; one of Melbourne's fastest-growing precincts
Footscray_10,Footscray,VIC,-37.801164,144.920619,1444.4,Very high,1 dot ≈ 70 cafes per 100 km² (visual density proxy),260,18.0,Multicultural café scene; one of Melbourne's fastest-growing precincts
Footscray_11,Footscray,VIC,-37.815451,144.894876,1444.4,Very high,1 dot ≈ 70 cafes per 100 km² (visual density proxy),260,18.0,Multicultural café scene; one of Melbourne's fastest-growing precincts
Footscray_12,Footscray,VIC,-37.800366,144.905247,1444.4,Very high,1 dot ≈ 70 cafes per 100 km² (visual density proxy),260,18.0,Multicultural café scene; one of Melbourne's fastest-growing precincts
Footscray_13,Footscray,VIC,-37.795701,144.893328,1444.4,Very high,1 dot ≈ 70 cafes per 100 km² (visual density proxy),260,18.0,Multicultural café scene; one of Melbourne's fastest-growing precincts
Footscray_14,Footscray,VIC,-37.792131,144.888454,1444.4,Very high,1 dot ≈ 70 cafes per 100 km² (visual density proxy),260,18.0,Multicultural café scene; one of Melbourne's fastest-growing precincts
Footscray_15,Footscray,VIC,-37.78999,144.908429,1444.4,Very high,1 dot ≈ 70 cafes per 100 km² (visual density proxy),260,18.0,Multicultural café scene; one of Melbourne's fastest-growing precincts
Footscray_16,Footscray,VIC,-37.793701,144.906686,1444.4,Very high,1 dot ≈ 70 cafes per 100 km² (visual density proxy),260,18.0,Multicultural café scene; one of Melbourne's fastest-growing precincts
Footscray_17,Footscray,VIC,-37.786406,144.894723,1444.4,Very high,1 dot ≈ 70 cafes per 100 km² (visual density proxy),260,18.0,Multicultural café scene; one of Melbourne's fastest-growing precincts
Footscray_18,Footscray,VIC,-37.805545,144.879995,1444.4,Very high,1 dot ≈ 70 cafes per 100 km² (visual density proxy),260,18.0,Multicultural café scene; one of Melbourne's fastest-growing precincts
Footscray_19,Footscray,VIC,-37.792722,144.897002,1444.4,Very high,1 dot ≈ 70 cafes per 100 km² (visual density proxy),260,18.0,Multicultural café scene; one of Melbourne's fastest-growing precincts
Footscray_20,Footscray,VIC,-37.800446,144.907265,1444.4,Very high,1 dot ≈ 70 cafes per 100 km² (visual density proxy),260,18.0,Multicultural café scene; one of Melbourne's fastest-growing precincts
Footscray_21,Footscray,VIC,-37.803989,144.913689,1444.4,Very high,1 dot ≈ 70 cafes per 100 km² (visual density proxy),260,18.0,Multicultural café scene; one of Melbourne's fastest-growing precincts
Surry_Hills_and_Newtown_1,Surry Hills & Newtown,NSW,-33.90277,151.18571,2555.6,Extreme,1 dot ≈ 70 cafes per 100 km² (visual density proxy),460,18.0,Sydney's specialty coffee heartland; highest third-wave density in NSW
Surry_Hills_and_Newtown_2,Surry Hills & Newtown,NSW,-33.889255,151.206182,2555.6,Extreme,1 dot ≈ 70 cafes per 100 km² (visual density proxy),460,18.0,Sydney's specialty coffee heartland; highest third-wave density in NSW
Surry_Hills_and_Newtown_3,Surry Hills & Newtown,NSW,-33.895751,151.16811,2555.6,Extreme,1 dot ≈ 70 cafes per 100 km² (visual density proxy),460,18.0,Sydney's specialty coffee heartland; highest third-wave density in NSW
Surry_Hills_and_Newtown_4,Surry Hills & Newtown,NSW,-33.892862,151.202916,2555.6,Extreme,1 dot ≈ 70 cafes per 100 km² (visual density proxy),460,18.0,Sydney's specialty coffee heartland; highest third-wave density in NSW
Surry_Hills_and_Newtown_5,Surry Hills & Newtown,NSW,-33.898046,151.168778,2555.6,Extreme,1 dot ≈ 70 cafes per 100 km² (visual density proxy),460,18.0,Sydney's specialty coffee heartland; highest third-wave density in NSW
Surry_Hills_and_Newtown_6,Surry Hills & Newtown,NSW,-33.89453,151.197208,2555.6,Extreme,1 dot ≈ 70 cafes per 100 km² (visual density proxy),460,18.0,Sydney's specialty coffee heartland; highest third-wave density in NSW
Surry_Hills_and_Newtown_7,Surry Hills & Newtown,NSW,-33.882566,151.196176,2555.6,Extreme,1 dot ≈ 70 cafes per 100 km² (visual density proxy),460,18.0,Sydney's specialty coffee heartland; highest third-wave density in NSW
Surry_Hills_and_Newtown_8,Surry Hills & Newtown,NSW,-33.906564,151.186622,2555.6,Extreme,1 dot ≈ 70 cafes per 100 km² (visual density proxy),460,18.0,Sydney's specialty coffee heartland; highest third-wave density in NSW
Surry_Hills_and_Newtown_9,Surry Hills & Newtown,NSW,-33.90021,151.17311,2555.6,Extreme,1 dot ≈ 70 cafes per 100 km² (visual density proxy),460,18.0,Sydney's specialty coffee heartland; highest third-wave density in NSW
Surry_Hills_and_Newtown_10,Surry Hills & Newtown,NSW,-33.901658,151.196444,2555.6,Extreme,1 dot ≈ 70 cafes per 100 km² (visual density proxy),460,18.0,Sydney's specialty coffee heartland; highest third-wave density in NSW
Surry_Hills_and_Newtown_11,Surry Hills & Newtown,NSW,-33.908001,151.19163,2555.6,Extreme,1 dot ≈ 70 cafes per 100 km² (visual density proxy),460,18.0,Sydney's specialty coffee heartland; highest third-wave density in NSW
Surry_Hills_and_Newtown_12,Surry Hills & Newtown,NSW,-33.886927,151.202418,2555.6,Extreme,1 dot ≈ 70 cafes per 100 km² (visual density proxy),460,18.0,Sydney's specialty coffee heartland; highest third-wave density in NSW
Surry_Hills_and_Newtown_13,Surry Hills & Newtown,NSW,-33.882996,151.17004,2555.6,Extreme,1 dot ≈ 70 cafes per 100 km² (visual density proxy),460,18.0,Sydney's specialty coffee heartland; highest third-wave density in NSW
Surry_Hills_and_Newtown_14,Surry Hills & Newtown,NSW,-33.894594,151.197698,2555.6,Extreme,1 dot ≈ 70 cafes per 100 km² (visual density proxy),460,18.0,Sydney's specialty coffee heartland; highest third-wave density in NSW
Surry_Hills_and_Newtown_15,Surry Hills & Newtown,NSW,-33.87885,151.187583,2555.6,Extreme,1 dot ≈ 70 cafes per 100 km² (visual density proxy),460,18.0,Sydney's specialty coffee heartland; highest third-wave density in NSW
Surry_Hills_and_Newtown_16,Surry Hills & Newtown,NSW,-33.890994,151.173321,2555.6,Extreme,1 dot ≈ 70 cafes per 100 km² (visual density proxy),460,18.0,Sydney's specialty coffee heartland; highest third-wave density in NSW
Surry_Hills_and_Newtown_17,Surry Hills & Newtown,NSW,-33.897348,151.186276,2555.6,Extreme,1 dot ≈ 70 cafes per 100 km² (visual density proxy),460,18.0,Sydney's specialty coffee heartland; highest third-wave density in NSW
Surry_Hills_and_Newtown_18,Surry Hills & Newtown,NSW,-33.901653,151.196751,2555.6,Extreme,1 dot ≈ 70 cafes per 100 km² (visual density proxy),460,18.0,Sydney's specialty coffee heartland; highest third-wave density in NSW
Surry_Hills_and_Newtown_19,Surry Hills & Newtown,NSW,-33.903803,151.191582,2555.6,Extreme,1 dot ≈ 70 cafes per 100 km² (visual density proxy),460,18.0,Sydney's specialty coffee heartland; highest third-wave density in NSW
Surry_Hills_and_Newtown_20,Surry Hills & Newtown,NSW,-33.896808,151.193665,2555.6,Extreme,1 dot ≈ 70 cafes per 100 km² (visual density proxy),460,18.0,Sydney's specialty coffee heartland; highest third-wave density in NSW
Surry_Hills_and_Newtown_21,Surry Hills & Newtown,NSW,-33.895335,151.173782,2555.6,Extreme,1 dot ≈ 70 cafes per 100 km² (visual density proxy),460,18.0,Sydney's specialty coffee heartland; highest third-wave density in NSW
Surry_Hills_and_Newtown_22,Surry Hills & Newtown,NSW,-33.903968,151.18691,2555.6,Extreme,1 dot ≈ 70 cafes per 100 km² (visual density proxy),460,18.0,Sydney's specialty coffee heartland; highest third-wave density in NSW
Surry_Hills_and_Newtown_23,Surry Hills & Newtown,NSW,-33.895357,151.205971,2555.6,Extreme,1 dot ≈ 70 cafes per 100 km² (visual density proxy),460,18.0,Sydney's specialty coffee heartland; highest third-wave density in NSW
Surry_Hills_and_Newtown_24,Surry Hills & Newtown,NSW,-33.884321,151.197764,2555.6,Extreme,1 dot ≈ 70 cafes per 100 km² (visual density proxy),460,18.0,Sydney's specialty coffee heartland; highest third-wave density in NSW
Surry_Hills_and_Newtown_25,Surry Hills & Newtown,NSW,-33.899452,151.191268,2555.6,Extreme,1 dot ≈ 70 cafes per 100 km² (visual density proxy),460,18.0,Sydney's specialty coffee heartland; highest third-wave density in NSW
Surry_Hills_and_Newtown_26,Surry Hills & Newtown,NSW,-33.883799,151.190485,2555.6,Extreme,1 dot ≈ 70 cafes per 100 km² (visual density proxy),460,18.0,Sydney's specialty coffee heartland; highest third-wave density in NSW
Surry_Hills_and_Newtown_27,Surry Hills & Newtown,NSW,-33.888134,151.197612,2555.6,Extreme,1 dot ≈ 70 cafes per 100 km² (visual density proxy),460,18.0,Sydney's specialty coffee heartland; highest third-wave density in NSW
Surry_Hills_and_Newtown_28,Surry Hills & Newtown,NSW,-33.890734,151.172475,2555.6,Extreme,1 dot ≈ 70 cafes per 100 km² (visual density proxy),460,18.0,Sydney's specialty coffee heartland; highest third-wave density in NSW
Surry_Hills_and_Newtown_29,Surry Hills & Newtown,NSW,-33.877656,151.182408,2555.6,Extreme,1 dot ≈ 70 cafes per 100 km² (visual density proxy),460,18.0,Sydney's specialty coffee heartland; highest third-wave density in NSW
Surry_Hills_and_Newtown_30,Surry Hills & Newtown,NSW,-33.898497,151.19667,2555.6,Extreme,1 dot ≈ 70 cafes per 100 km² (visual density proxy),460,18.0,Sydney's specialty coffee heartland; highest third-wave density in NSW
Surry_Hills_and_Newtown_31,Surry Hills & Newtown,NSW,-33.895273,151.172928,2555.6,Extreme,1 dot ≈ 70 cafes per 100 km² (visual density proxy),460,18.0,Sydney's specialty coffee heartland; highest third-wave density in NSW
Surry_Hills_and_Newtown_32,Surry Hills & Newtown,NSW,-33.891354,151.180229,2555.6,Extreme,1 dot ≈ 70 cafes per 100 km² (visual density proxy),460,18.0,Sydney's specialty coffee heartland; highest third-wave density in NSW
Surry_Hills_and_Newtown_33,Surry Hills & Newtown,NSW,-33.886277,151.174816,2555.6,Extreme,1 dot ≈ 70 cafes per 100 km² (visual density proxy),460,18.0,Sydney's specialty coffee heartland; highest third-wave density in NSW
Surry_Hills_and_Newtown_34,Surry Hills & Newtown,NSW,-33.888941,151.177449,2555.6,Extreme,1 dot ≈ 70 cafes per 100 km² (visual density proxy),460,18.0,Sydney's specialty coffee heartland; highest third-wave density in NSW
Surry_Hills_and_Newtown_35,Surry Hills & Newtown,NSW,-33.904305,151.172381,2555.6,Extreme,1 dot ≈ 70 cafes per 100 km² (visual density proxy),460,18.0,Sydney's specialty coffee heartland; highest third-wave density in NSW
Surry_Hills_and_Newtown_36,Surry Hills & Newtown,NSW,-33.910443,151.192558,2555.6,Extreme,1 dot ≈ 70 cafes per 100 km² (visual density proxy),460,18.0,Sydney's specialty coffee heartland; highest third-wave density in NSW
Surry_Hills_and_Newtown_37,Surry Hills & Newtown,NSW,-33.893214,151.177418,2555.6,Extreme,1 dot ≈ 70 cafes per 100 km² (visual density proxy),460,18.0,Sydney's specialty coffee heartland; highest third-wave density in NSW
Manly_and_Northern_Beaches_1,Manly & Northern Beaches,NSW,-33.795642,151.29207,633.3,High,1 dot ≈ 70 cafes per 100 km² (visual density proxy),380,60.0,Coastal café culture; strong brunch spend per capita
Manly_and_Northern_Beaches_2,Manly & Northern Beaches,NSW,-33.790316,151.283038,633.3,High,1 dot ≈ 70 cafes per 100 km² (visual density proxy),380,60.0,Coastal café culture; strong brunch spend per capita
Manly_and_Northern_Beaches_3,Manly & Northern Beaches,NSW,-33.785805,151.265141,633.3,High,1 dot ≈ 70 cafes per 100 km² (visual density proxy),380,60.0,Coastal café culture; strong brunch spend per capita
Manly_and_Northern_Beaches_4,Manly & Northern Beaches,NSW,-33.800857,151.291931,633.3,High,1 dot ≈ 70 cafes per 100 km² (visual density proxy),380,60.0,Coastal café culture; strong brunch spend per capita
Manly_and_Northern_Beaches_5,Manly & Northern Beaches,NSW,-33.779731,151.311344,633.3,High,1 dot ≈ 70 cafes per 100 km² (visual density proxy),380,60.0,Coastal café culture; strong brunch spend per capita
Manly_and_Northern_Beaches_6,Manly & Northern Beaches,NSW,-33.798296,151.313096,633.3,High,1 dot ≈ 70 cafes per 100 km² (visual density proxy),380,60.0,Coastal café culture; strong brunch spend per capita
Manly_and_Northern_Beaches_7,Manly & Northern Beaches,NSW,-33.807141,151.279128,633.3,High,1 dot ≈ 70 cafes per 100 km² (visual density proxy),380,60.0,Coastal café culture; strong brunch spend per capita
Manly_and_Northern_Beaches_8,Manly & Northern Beaches,NSW,-33.801882,151.281075,633.3,High,1 dot ≈ 70 cafes per 100 km² (visual density proxy),380,60.0,Coastal café culture; strong brunch spend per capita
Manly_and_Northern_Beaches_9,Manly & Northern Beaches,NSW,-33.794215,151.299564,633.3,High,1 dot ≈ 70 cafes per 100 km² (visual density proxy),380,60.0,Coastal café culture; strong brunch spend per capita
Gold_Coast_1,Gold Coast,QLD,-28.010011,153.366617,173.9,Medium,1 dot ≈ 70 cafes per 100 km² (visual density proxy),720,414.0,Tourism-driven; large number of cafes per visitor
Gold_Coast_2,Gold Coast,QLD,-28.047549,153.436434,173.9,Medium,1 dot ≈ 70 cafes per 100 km² (visual density proxy),720,414.0,Tourism-driven; large number of cafes per visitor
Sunshine_Coast_1,Sunshine Coast,QLD,-26.593787,153.072473,165.5,Medium,1 dot ≈ 70 cafes per 100 km² (visual density proxy),480,290.0,Strong lifestyle café culture; Noosa is a specialty hotspot
Sunshine_Coast_2,Sunshine Coast,QLD,-26.608033,153.035814,165.5,Medium,1 dot ≈ 70 cafes per 100 km² (visual density proxy),480,290.0,Strong lifestyle café culture; Noosa is a specialty hotspot
Noosa_1,Noosa,QLD,-26.406009,153.067048,155.6,Medium,1 dot ≈ 70 cafes per 100 km² (visual density proxy),140,90.0,High café score relative to population; destination dining
Noosa_2,Noosa,QLD,-26.397279,153.118688,155.6,Medium,1 dot ≈ 70 cafes per 100 km² (visual density proxy),140,90.0,High café score relative to population; destination dining
Cairns_1,Cairns,QLD,-16.946754,145.742549,233.3,Medium,1 dot ≈ 70 cafes per 100 km² (visual density proxy),280,120.0,Tourism-dependent; café scene anchored around Esplanade
Cairns_2,Cairns,QLD,-16.900558,145.791789,233.3,Medium,1 dot ≈ 70 cafes per 100 km² (visual density proxy),280,120.0,Tourism-dependent; café scene anchored around Esplanade
Cairns_3,Cairns,QLD,-16.892562,145.802084,233.3,Medium,1 dot ≈ 70 cafes per 100 km² (visual density proxy),280,120.0,Tourism-dependent; café scene anchored around Esplanade
Fremantle_1,Fremantle,WA,-32.047879,115.738745,1550.0,Extreme,1 dot ≈ 70 cafes per 100 km² (visual density proxy),310,20.0,WA's most café-dense suburb; strong independent roaster scene
Fremantle_2,Fremantle,WA,-32.04825,115.745198,1550.0,Extreme,1 dot ≈ 70 cafes per 100 km² (visual density proxy),310,20.0,WA's most café-dense suburb; strong independent roaster scene
Fremantle_3,Fremantle,WA,-32.0482,115.758795,1550.0,Extreme,1 dot ≈ 70 cafes per 100 km² (visual density proxy),310,20.0,WA's most café-dense suburb; strong independent roaster scene
Fremantle_4,Fremantle,WA,-32.068906,115.760514,1550.0,Extreme,1 dot ≈ 70 cafes per 100 km² (visual density proxy),310,20.0,WA's most café-dense suburb; strong independent roaster scene
Fremantle_5,Fremantle,WA,-32.056057,115.747039,1550.0,Extreme,1 dot ≈ 70 cafes per 100 km² (visual density proxy),310,20.0,WA's most café-dense suburb; strong independent roaster scene
Fremantle_6,Fremantle,WA,-32.04946,115.73409,1550.0,Extreme,1 dot ≈ 70 cafes per 100 km² (visual density proxy),310,20.0,WA's most café-dense suburb; strong independent roaster scene
Fremantle_7,Fremantle,WA,-32.059416,115.767622,1550.0,Extreme,1 dot ≈ 70 cafes per 100 km² (visual density proxy),310,20.0,WA's most café-dense suburb; strong independent roaster scene
Fremantle_8,Fremantle,WA,-32.045629,115.73594,1550.0,Extreme,1 dot ≈ 70 cafes per 100 km² (visual density proxy),310,20.0,WA's most café-dense suburb; strong independent roaster scene
Fremantle_9,Fremantle,WA,-32.063764,115.733319,1550.0,Extreme,1 dot ≈ 70 cafes per 100 km² (visual density proxy),310,20.0,WA's most café-dense suburb; strong independent roaster scene
Fremantle_10,Fremantle,WA,-32.046162,115.741354,1550.0,Extreme,1 dot ≈ 70 cafes per 100 km² (visual density proxy),310,20.0,WA's most café-dense suburb; strong independent roaster scene
Fremantle_11,Fremantle,WA,-32.053267,115.766194,1550.0,Extreme,1 dot ≈ 70 cafes per 100 km² (visual density proxy),310,20.0,WA's most café-dense suburb; strong independent roaster scene
Fremantle_12,Fremantle,WA,-32.061178,115.756643,1550.0,Extreme,1 dot ≈ 70 cafes per 100 km² (visual density proxy),310,20.0,WA's most café-dense suburb; strong independent roaster scene
Fremantle_13,Fremantle,WA,-32.047016,115.745344,1550.0,Extreme,1 dot ≈ 70 cafes per 100 km² (visual density proxy),310,20.0,WA's most café-dense suburb; strong independent roaster scene
Fremantle_14,Fremantle,WA,-32.058877,115.756924,1550.0,Extreme,1 dot ≈ 70 cafes per 100 km² (visual density proxy),310,20.0,WA's most café-dense suburb; strong independent roaster scene
Fremantle_15,Fremantle,WA,-32.067523,115.756313,1550.0,Extreme,1 dot ≈ 70 cafes per 100 km² (visual density proxy),310,20.0,WA's most café-dense suburb; strong independent roaster scene
Fremantle_16,Fremantle,WA,-32.04185,115.747857,1550.0,Extreme,1 dot ≈ 70 cafes per 100 km² (visual density proxy),310,20.0,WA's most café-dense suburb; strong independent roaster scene
Fremantle_17,Fremantle,WA,-32.045794,115.752523,1550.0,Extreme,1 dot ≈ 70 cafes per 100 km² (visual density proxy),310,20.0,WA's most café-dense suburb; strong independent roaster scene
Fremantle_18,Fremantle,WA,-32.059012,115.738174,1550.0,Extreme,1 dot ≈ 70 cafes per 100 km² (visual density proxy),310,20.0,WA's most café-dense suburb; strong independent roaster scene
Fremantle_19,Fremantle,WA,-32.057086,115.752133,1550.0,Extreme,1 dot ≈ 70 cafes per 100 km² (visual density proxy),310,20.0,WA's most café-dense suburb; strong independent roaster scene
Fremantle_20,Fremantle,WA,-32.064512,115.746715,1550.0,Extreme,1 dot ≈ 70 cafes per 100 km² (visual density proxy),310,20.0,WA's most café-dense suburb; strong independent roaster scene
Fremantle_21,Fremantle,WA,-32.056451,115.728675,1550.0,Extreme,1 dot ≈ 70 cafes per 100 km² (visual density proxy),310,20.0,WA's most café-dense suburb; strong independent roaster scene
Fremantle_22,Fremantle,WA,-32.06142,115.730446,1550.0,Extreme,1 dot ≈ 70 cafes per 100 km² (visual density proxy),310,20.0,WA's most café-dense suburb; strong independent roaster scene
Margaret_River_1,Margaret River,WA,-33.954976,115.041427,100.0,Low,1 dot ≈ 70 cafes per 100 km² (visual density proxy),80,80.0,Wine-region café culture; very high score per capita
Geelong_1,Geelong,VIC,-38.108867,144.365676,400.0,High,1 dot ≈ 70 cafes per 100 km² (visual density proxy),480,120.0,Fastest-growing regional café count in Victoria 2017–2024
Geelong_2,Geelong,VIC,-38.164229,144.329145,400.0,High,1 dot ≈ 70 cafes per 100 km² (visual density proxy),480,120.0,Fastest-growing regional café count in Victoria 2017–2024
Geelong_3,Geelong,VIC,-38.151207,144.318825,400.0,High,1 dot ≈ 70 cafes per 100 km² (visual density proxy),480,120.0,Fastest-growing regional café count in Victoria 2017–2024
Geelong_4,Geelong,VIC,-38.126016,144.360791,400.0,High,1 dot ≈ 70 cafes per 100 km² (visual density proxy),480,120.0,Fastest-growing regional café count in Victoria 2017–2024
Geelong_5,Geelong,VIC,-38.10745,144.367276,400.0,High,1 dot ≈ 70 cafes per 100 km² (visual density proxy),480,120.0,Fastest-growing regional café count in Victoria 2017–2024
Geelong_6,Geelong,VIC,-38.149451,144.355958,400.0,High,1 dot ≈ 70 cafes per 100 km² (visual density proxy),480,120.0,Fastest-growing regional café count in Victoria 2017–2024
Ballarat_1,Ballarat,VIC,-37.52665,143.842107,244.4,Medium,1 dot ≈ 70 cafes per 100 km² (visual density proxy),220,90.0,Strong heritage café strip on Sturt St
Ballarat_2,Ballarat,VIC,-37.530006,143.849747,244.4,Medium,1 dot ≈ 70 cafes per 100 km² (visual density proxy),220,90.0,Strong heritage café strip on Sturt St
Ballarat_3,Ballarat,VIC,-37.544629,143.873959,244.4,Medium,1 dot ≈ 70 cafes per 100 km² (visual density proxy),220,90.0,Strong heritage café strip on Sturt St
Bendigo_1,Bendigo,VIC,-36.76489,144.253205,163.6,Medium,1 dot ≈ 70 cafes per 100 km² (visual density proxy),180,110.0,Growing regional scene supported by arts tourism
Bendigo_2,Bendigo,VIC,-36.757697,144.311063,163.6,Medium,1 dot ≈ 70 cafes per 100 km² (visual density proxy),180,110.0,Growing regional scene supported by arts tourism
Newcastle_1,Newcastle,NSW,-32.931666,151.820416,540.0,High,1 dot ≈ 70 cafes per 100 km² (visual density proxy),540,100.0,Hunter Valley gateway; strong café corridor on Hunter St
Newcastle_2,Newcastle,NSW,-32.943039,151.784699,540.0,High,1 dot ≈ 70 cafes per 100 km² (visual density proxy),540,100.0,Hunter Valley gateway; strong café corridor on Hunter St
Newcastle_3,Newcastle,NSW,-32.936732,151.811114,540.0,High,1 dot ≈ 70 cafes per 100 km² (visual density proxy),540,100.0,Hunter Valley gateway; strong café corridor on Hunter St
Newcastle_4,Newcastle,NSW,-32.93631,151.801257,540.0,High,1 dot ≈ 70 cafes per 100 km² (visual density proxy),540,100.0,Hunter Valley gateway; strong café corridor on Hunter St
Newcastle_5,Newcastle,NSW,-32.941058,151.733676,540.0,High,1 dot ≈ 70 cafes per 100 km² (visual density proxy),540,100.0,Hunter Valley gateway; strong café corridor on Hunter St
Newcastle_6,Newcastle,NSW,-32.895733,151.794451,540.0,High,1 dot ≈ 70 cafes per 100 km² (visual density proxy),540,100.0,Hunter Valley gateway; strong café corridor on Hunter St
Newcastle_7,Newcastle,NSW,-32.923278,151.76054,540.0,High,1 dot ≈ 70 cafes per 100 km² (visual density proxy),540,100.0,Hunter Valley gateway; strong café corridor on Hunter St
Newcastle_8,Newcastle,NSW,-32.913059,151.767331,540.0,High,1 dot ≈ 70 cafes per 100 km² (visual density proxy),540,100.0,Hunter Valley gateway; strong café corridor on Hunter St
Byron_Bay_1,Byron Bay,NSW,-28.62727,153.636203,240.0,Medium,1 dot ≈ 70 cafes per 100 km² (visual density proxy),120,50.0,Lifestyle destination; very high specialty and cold brew penetration
Byron_Bay_2,Byron Bay,NSW,-28.647154,153.623874,240.0,Medium,1 dot ≈ 70 cafes per 100 km² (visual density proxy),120,50.0,Lifestyle destination; very high specialty and cold brew penetration
Byron_Bay_3,Byron Bay,NSW,-28.619844,153.596327,240.0,Medium,1 dot ≈ 70 cafes per 100 km² (visual density proxy),120,50.0,Lifestyle destination; very high specialty and cold brew penetration
Orange_1,Orange,NSW,-33.267137,149.087304,157.1,Medium,1 dot ≈ 70 cafes per 100 km² (visual density proxy),110,70.0,NSW's most cited regional café destination; food & wine region
Orange_2,Orange,NSW,-33.287315,149.106048,157.1,Medium,1 dot ≈ 70 cafes per 100 km² (visual density proxy),110,70.0,NSW's most cited regional café destination; food & wine region
Wollongong_1,Wollongong,NSW,-34.410809,150.888469,355.6,High,1 dot ≈ 70 cafes per 100 km² (visual density proxy),320,90.0,Coastal city with growing café strip culture
Wollongong_2,Wollongong,NSW,-34.406249,150.866694,355.6,High,1 dot ≈ 70 cafes per 100 km² (visual density proxy),320,90.0,Coastal city with growing café strip culture
Wollongong_3,Wollongong,NSW,-34.409241,150.912291,355.6,High,1 dot ≈ 70 cafes per 100 km² (visual density proxy),320,90.0,Coastal city with growing café strip culture
Wollongong_4,Wollongong,NSW,-34.391626,150.872383,355.6,High,1 dot ≈ 70 cafes per 100 km² (visual density proxy),320,90.0,Coastal city with growing café strip culture
Wollongong_5,Wollongong,NSW,-34.406319,150.875873,355.6,High,1 dot ≈ 70 cafes per 100 km² (visual density proxy),320,90.0,Coastal city with growing café strip culture
Glenelg_and_Norwood_1,Glenelg & Norwood,SA,-34.904188,138.550848,733.3,Very high,1 dot ≈ 70 cafes per 100 km² (visual density proxy),220,30.0,Adelaide's most active café corridors outside CBD
Glenelg_and_Norwood_2,Glenelg & Norwood,SA,-34.899496,138.537289,733.3,Very high,1 dot ≈ 70 cafes per 100 km² (visual density proxy),220,30.0,Adelaide's most active café corridors outside CBD
Glenelg_and_Norwood_3,Glenelg & Norwood,SA,-34.934678,138.547599,733.3,Very high,1 dot ≈ 70 cafes per 100 km² (visual density proxy),220,30.0,Adelaide's most active café corridors outside CBD
Glenelg_and_Norwood_4,Glenelg & Norwood,SA,-34.922362,138.547166,733.3,Very high,1 dot ≈ 70 cafes per 100 km² (visual density proxy),220,30.0,Adelaide's most active café corridors outside CBD
Glenelg_and_Norwood_5,Glenelg & Norwood,SA,-34.908731,138.520909,733.3,Very high,1 dot ≈ 70 cafes per 100 km² (visual density proxy),220,30.0,Adelaide's most active café corridors outside CBD
Glenelg_and_Norwood_6,Glenelg & Norwood,SA,-34.904566,138.547657,733.3,Very high,1 dot ≈ 70 cafes per 100 km² (visual density proxy),220,30.0,Adelaide's most active café corridors outside CBD
Glenelg_and_Norwood_7,Glenelg & Norwood,SA,-34.918153,138.536556,733.3,Very high,1 dot ≈ 70 cafes per 100 km² (visual density proxy),220,30.0,Adelaide's most active café corridors outside CBD
Glenelg_and_Norwood_8,Glenelg & Norwood,SA,-34.919983,138.561794,733.3,Very high,1 dot ≈ 70 cafes per 100 km² (visual density proxy),220,30.0,Adelaide's most active café corridors outside CBD
Glenelg_and_Norwood_9,Glenelg & Norwood,SA,-34.910682,138.53176,733.3,Very high,1 dot ≈ 70 cafes per 100 km² (visual density proxy),220,30.0,Adelaide's most active café corridors outside CBD
Glenelg_and_Norwood_10,Glenelg & Norwood,SA,-34.902266,138.524875,733.3,Very high,1 dot ≈ 70 cafes per 100 km² (visual density proxy),220,30.0,Adelaide's most active café corridors outside CBD
Launceston_1,Launceston,TAS,-41.423985,147.142755,200.0,Medium,1 dot ≈ 70 cafes per 100 km² (visual density proxy),160,80.0,Growing specialty scene; Harvest Market anchor for café culture
Launceston_2,Launceston,TAS,-41.448184,147.170494,200.0,Medium,1 dot ≈ 70 cafes per 100 km² (visual density proxy),160,80.0,Growing specialty scene; Harvest Market anchor for café culture
Launceston_3,Launceston,TAS,-41.444126,147.133757,200.0,Medium,1 dot ≈ 70 cafes per 100 km² (visual density proxy),160,80.0,Growing specialty scene; Harvest Market anchor for café culture
Alice_Springs_1,Alice Springs,NT,-23.675746,133.863983,66.7,Low,1 dot ≈ 70 cafes per 100 km² (visual density proxy),60,90.0,Small but growing café offering for a remote centre
